"count_sd","aligner","min_phred","min_length","trim_poly_g","trim_poly_x","runtime_sec","gene_overlap_percent"
2317.13674240335,"salmon",0,1,"2","3",4,97.1766355438004
2317.13674240335,"salmon",0,1,"2","3",19.777,97.1766355438004
2234.6859051724,"kallisto",20,36,"0","0",428.64,97.69489151026
2307.35829822976,"salmon",30,36,"0","0",628.221,97.1766355438004
